CREATE TABLE EMP
       (EMPNO integer NOT NULL,
        ENAME VARCHAR(10),
        JOB VARCHAR(9),
        MGR integer,
        HIREDATE DATE,
        SAL integer,
        COMM integer,
        DEPTNO integer);

INSERT INTO EMP VALUES
        (7369, 'SMITH',  'CLERK',     7902,
        '1980-12-17',  800, NULL, 20);
INSERT INTO EMP VALUES
        (7499, 'ALLEN',  'SALESMAN',  7698,
        '1981-2-20', 1600,  300, 30);
INSERT INTO EMP VALUES
        (7521, 'WARD',   'SALESMAN',  7698,
        '1981-2-22', 1250,  500, 30);
INSERT INTO EMP VALUES
        (7566, 'JONES',  'MANAGER',   7839,
        '1981-4-2',  2975, NULL, 20);
INSERT INTO EMP VALUES
        (7654, 'MARTIN', 'SALESMAN',  7698,
        '1981-9-28', 1250, 1400, 30);
INSERT INTO EMP VALUES
        (7698, 'BLAKE',  'MANAGER',   7839,
        '1981-5-1',  2850, NULL, 30);
INSERT INTO EMP VALUES
        (7782, 'CLARK',  'MANAGER',   7839,
        '1981-6-9',  2450, NULL, 10);
INSERT INTO EMP VALUES
        (7788, 'SCOTT',  'ANALYST',   7566,
        '1982-12-9', 3000, NULL, 20);
INSERT INTO EMP VALUES
        (7839, 'KING',   'PRESIDENT', NULL,
        '1981-11-17', 5000, NULL, 10);
INSERT INTO EMP VALUES
        (7844, 'TURNER', 'SALESMAN',  7698,
        '1981-9-8',  1500,    0, 30);
INSERT INTO EMP VALUES
        (7876, 'ADAMS',  'CLERK',     7788,
        '1983-1-12', 1100, NULL, 20);
INSERT INTO EMP VALUES
        (7900, 'JAMES',  'CLERK',     7698,
        '1981-12-3',   950, NULL, 30);
INSERT INTO EMP VALUES
        (7902, 'FORD',   'ANALYST',   7566,
        '1981-12-3',  3000, NULL, 20);
INSERT INTO EMP VALUES
        (7934, 'MILLER', 'CLERK',     7782,
        '1982-1-23', 1300, NULL, 10);

CREATE TABLE DEPT
       (DEPTNO integer,
        DNAME VARCHAR(14),
        LOC VARCHAR(13) );

CREATE TABLE DEPT_EAST
       (DEPTNO integer,
        DNAME VARCHAR(14),
        LOC VARCHAR(13) );

INSERT INTO DEPT VALUES (10, 'ACCOUNTING', 'NEW YORK');
INSERT INTO DEPT VALUES (20, 'RESEARCH',   'DALLAS');
INSERT INTO DEPT VALUES (30, 'SALES',      'CHICAGO');
INSERT INTO DEPT VALUES (40, 'OPERATIONS', 'BOSTON');

INSERT INTO DEPT_EAST VALUES (10, 'ACCOUNTING', 'NEW YORK');
INSERT INTO DEPT_EAST VALUES (20, 'RESEARCH',   'DALLAS');

-- Sequence used in chapter 4 for auto-increment inserts
CREATE SEQUENCE emp_seq START WITH 8000 INCREMENT BY 1;

CREATE TABLE T1 (ID INTEGER);

INSERT INTO T1 VALUES (1);

CREATE TABLE T10 (ID INTEGER);

INSERT INTO T10 VALUES (2);
INSERT INTO T10 VALUES (3);
INSERT INTO T10 VALUES (1);
INSERT INTO T10 VALUES (4);
INSERT INTO T10 VALUES (5);
INSERT INTO T10 VALUES (6);
INSERT INTO T10 VALUES (7);
INSERT INTO T10 VALUES (8);
INSERT INTO T10 VALUES (9);
INSERT INTO T10 VALUES (10);

CREATE TABLE T100 (ID INTEGER);

INSERT INTO T100 VALUES (1);
INSERT INTO T100 VALUES (2);
INSERT INTO T100 VALUES (3);
INSERT INTO T100 VALUES (4);
INSERT INTO T100 VALUES (5);
INSERT INTO T100 VALUES (6);
INSERT INTO T100 VALUES (7);
INSERT INTO T100 VALUES (8);
INSERT INTO T100 VALUES (9);
INSERT INTO T100 VALUES (10);
INSERT INTO T100 VALUES (11);
INSERT INTO T100 VALUES (12);
INSERT INTO T100 VALUES (13);
INSERT INTO T100 VALUES (14);
INSERT INTO T100 VALUES (15);
INSERT INTO T100 VALUES (16);
INSERT INTO T100 VALUES (17);
INSERT INTO T100 VALUES (18);
INSERT INTO T100 VALUES (19);
INSERT INTO T100 VALUES (20);
INSERT INTO T100 VALUES (21);
INSERT INTO T100 VALUES (22);
INSERT INTO T100 VALUES (23);
INSERT INTO T100 VALUES (24);
INSERT INTO T100 VALUES (25);
INSERT INTO T100 VALUES (26);
INSERT INTO T100 VALUES (27);
INSERT INTO T100 VALUES (28);
INSERT INTO T100 VALUES (29);
INSERT INTO T100 VALUES (30);
INSERT INTO T100 VALUES (31);
INSERT INTO T100 VALUES (32);
INSERT INTO T100 VALUES (33);
INSERT INTO T100 VALUES (34);
INSERT INTO T100 VALUES (35);
INSERT INTO T100 VALUES (36);
INSERT INTO T100 VALUES (37);
INSERT INTO T100 VALUES (38);
INSERT INTO T100 VALUES (39);
INSERT INTO T100 VALUES (40);
INSERT INTO T100 VALUES (41);
INSERT INTO T100 VALUES (42);
INSERT INTO T100 VALUES (43);
INSERT INTO T100 VALUES (44);
INSERT INTO T100 VALUES (45);
INSERT INTO T100 VALUES (46);
INSERT INTO T100 VALUES (47);
INSERT INTO T100 VALUES (48);
INSERT INTO T100 VALUES (49);
INSERT INTO T100 VALUES (50);
INSERT INTO T100 VALUES (51);
INSERT INTO T100 VALUES (52);
INSERT INTO T100 VALUES (53);
INSERT INTO T100 VALUES (54);
INSERT INTO T100 VALUES (55);
INSERT INTO T100 VALUES (56);
INSERT INTO T100 VALUES (57);
INSERT INTO T100 VALUES (58);
INSERT INTO T100 VALUES (59);
INSERT INTO T100 VALUES (60);
INSERT INTO T100 VALUES (61);
INSERT INTO T100 VALUES (62);
INSERT INTO T100 VALUES (63);
INSERT INTO T100 VALUES (64);
INSERT INTO T100 VALUES (65);
INSERT INTO T100 VALUES (66);
INSERT INTO T100 VALUES (67);
INSERT INTO T100 VALUES (68);
INSERT INTO T100 VALUES (69);
INSERT INTO T100 VALUES (70);
INSERT INTO T100 VALUES (71);
INSERT INTO T100 VALUES (72);
INSERT INTO T100 VALUES (73);
INSERT INTO T100 VALUES (74);
INSERT INTO T100 VALUES (75);
INSERT INTO T100 VALUES (76);
INSERT INTO T100 VALUES (77);
INSERT INTO T100 VALUES (78);
INSERT INTO T100 VALUES (79);
INSERT INTO T100 VALUES (80);
INSERT INTO T100 VALUES (81);
INSERT INTO T100 VALUES (82);
INSERT INTO T100 VALUES (83);
INSERT INTO T100 VALUES (84);
INSERT INTO T100 VALUES (85);
INSERT INTO T100 VALUES (86);
INSERT INTO T100 VALUES (87);
INSERT INTO T100 VALUES (88);
INSERT INTO T100 VALUES (89);
INSERT INTO T100 VALUES (90);
INSERT INTO T100 VALUES (91);
INSERT INTO T100 VALUES (92);
INSERT INTO T100 VALUES (93);
INSERT INTO T100 VALUES (94);
INSERT INTO T100 VALUES (95);
INSERT INTO T100 VALUES (96);
INSERT INTO T100 VALUES (97);
INSERT INTO T100 VALUES (98);
INSERT INTO T100 VALUES (99);
INSERT INTO T100 VALUES (100);

CREATE TABLE emp_bonus (
    empno INTEGER,
    received DATE,
    type INTEGER
);

INSERT INTO emp_bonus (empno, received, type) VALUES
(7369, '2005-03-14', 1),
(7900, '2005-03-14', 2),
(7788, '2005-03-14', 3);

create table D (id integer default 0);
create table D1 (id integer default 0, foo VARCHAR(10));

CREATE TABLE new_sal (
    empno INTEGER,
    ename TEXT,
    sal NUMERIC,
    deptno INTEGER
);
INSERT INTO new_sal (empno, ename, sal, deptno) VALUES
(1, 'John', 2000, 10),
(2, 'Mike', 2000, 10),
(3, 'Sara', 3000, 20);

CREATE TABLE emp_commission (
    empno INTEGER PRIMARY KEY,
    ename TEXT,
    deptno INTEGER,
    comm NUMERIC
);
INSERT INTO emp_commission (empno, ename, deptno, comm) VALUES
(7782, 'CLARK', 10, NULL),
(7839, 'KING', 10, NULL),
(7934, 'MILLER', 10, NULL);


create table dupes (id integer, name varchar(10));
insert into dupes values (1, 'NAPOLEON');
insert into dupes values (2, 'DYNAMITE');
insert into dupes values (3, 'DYNAMITE');
insert into dupes values (4, 'SHE SELLS');
insert into dupes values (5, 'SEA SHELLS');
insert into dupes values (6, 'SEA SHELLS');
insert into dupes values (7, 'SEA SHELLS');

create view V
as
select ename||' '||deptno as data
 from emp;

create view V2
as
select ename,job,sal
 from emp
 where job = 'CLERK';

create view V3
as
select * from emp where deptno != 10
 union all
select * from emp where ename = 'WARD';

create view new_emps as
select empno, ename, job
 from emp;

 create view V4 as
select ename as data
 from emp
 where deptno=10
 union all
select ename||', $'|| cast(sal as char(4)) ||'.00' as data
 from emp
 where deptno=20
 union all
select ename|| cast(deptno as char(4)) as data
 from emp
 where deptno=30;

 create view V5 as
select e.ename ||' '||
 cast(e.empno as char(4))||' '||
 d.dname as data
 from emp e, dept d
 where e.deptno=d.deptno;

 create view V6 as
select replace(mixed,' ','') as mixed
 from (
select substr(ename,1,2)||
 cast(deptno as char(4))||
 substr(ename,3,2) as mixed
 from emp
 where deptno = 10
 union all
select cast(empno as char(4)) as mixed
 from emp
 where deptno = 20
 union all
select ename as mixed
 from emp
 where deptno = 30
 ) x;

create view V7 as
select 'mo,larry,curly' as name
 from t1
 union all
select 'tina,gina,jaunita,regina,leena' as name
 from t1;

 -- Create table
CREATE TABLE sales (
    DATE1 DATE,
    SALES INT
);

-- Insert data
INSERT INTO sales (DATE1, SALES) VALUES
('2020-01-01', 647),
('2020-01-02', 561),
('2020-01-03', 741),
('2020-01-04', 978),
('2020-01-05', 1062),
('2020-01-06', 1072);
